date,region,product_category,units_sold,unit_price,revenue,discount_pct
1/1/2022,East,Electronics,132,486.59,64275.21,0.073
1/1/2022,West,Electronics,151,107.96,16305.57,0.12
1/2/2022,North,Electronics,260,352.29,91698.29,0.006
1/3/2022,East,Electronics,167,111.12,18485.12,0.232
1/4/2022,East,Electronics,147,237.7,34916.14,
1/5/2022,West,Clothing,226,71.58,16170.75,0.013
1/6/2022,North,Electronics,259,262.06,67895.51,0.196
1/7/2022,North,Clothing,235,84.35,19885.65,0.232
1/8/2022,East,Clothing,249,53.9,13419.88,0.244
1/9/2022,South,Food,162,16.35,2577.59,0.148
1/10/2022,East,Electronics,128,172.45,22115.73,0.062
1/11/2022,East,Food,275,16.96,4701.75,0.221
1/11/2022,East,Food,183,45.31,8194.64,0.21
1/12/2022,East,Electronics,187,108.86,20356.63,0.074
1/13/2022,West,Home,266,258.42,68660.21,0.271
1/14/2022,North,Home,227,155.26,35210.79,0.031
1/15/2022,West,Electronics,222,383.55,85102.96,0.295
1/16/2022,West,Electronics,308,355.83,109636.1,0.258
1/17/2022,West,Home,167,76.16,12724.56,0.206
1/18/2022,East,Food,246,47.56,11635.48,0.282
1/19/2022,South,Electronics,202,171.42,34670.84,0.217
1/20/2022,North,Electronics,213,357.91,76163.14,0.057
1/21/2022,South,Clothing,276,85.39,23584.15,0.133
1/22/2022,West,Clothing,225,136.04,30568.3,
1/22/2022,West,Food,226,9.19,2058.66,0.117
1/23/2022,South,Clothing,253,18.05,4591.86,0.222
1/24/2022,South,Clothing,181,131.32,23794.99,0.116
1/25/2022,South,Food,158,24.03,3863.59,0.099
1/26/2022,West,Electronics,147,401.94,59081.07,
1/27/2022,West,Electronics,101,325.16,32856.48,0.262
1/28/2022,North,Food,302,10.86,3257.83,0.014
1/29/2022,North,Home,144,31.08,4484.62,0.116
1/30/2022,West,Clothing,188,116.23,21873.21,0.047
1/31/2022,South,Clothing,186,138.26,25711.44,0.209
2/1/2022,South,Electronics,215,138.94,29781.91,0.032
2/1/2022,North,Clothing,240,39.41,9474.97,0.199
2/2/2022,West,Clothing,243,51.29,12481.7,0.086
2/3/2022,North,Electronics,170,391.75,66563.49,0.06
2/4/2022,North,Electronics,191,151.35,28843.63,0.281
2/5/2022,East,Clothing,214,56.37,12136.97,0.006
2/6/2022,East,Electronics,187,453.97,84916.96,0.131
2/7/2022,East,Clothing,280,94.38,26414.95,0.006
2/8/2022,South,Electronics,224,461.46,103310.19,0.145
2/9/2022,West,Clothing,236,98.08,23105.79,0.15
2/10/2022,West,Electronics,233,330.81,77143.86,0.096
2/11/2022,West,Home,258,106.81,27563.86,0.04
2/12/2022,West,Food,209,45.09,9396.28,0.113
2/12/2022,East,Food,135,30.63,4160.53,0.202
2/13/2022,South,Food,219,42.46,9258.02,0.235
2/14/2022,South,Clothing,167,53.24,8966.12,0.159
2/15/2022,East,Electronics,173,279.05,48343.29,0.177
2/16/2022,South,Clothing,229,124.6,28510.07,
2/17/2022,East,Food,261,35.34,9192.31,0.086
2/18/2022,West,Food,201,49.1,9738.19,0.049
2/19/2022,East,Clothing,215,105.3,22565.42,0.075
2/20/2022,West,Electronics,285,181.43,51640.58,0.067
2/21/2022,West,Electronics,212,170.26,36101.88,0.156
2/22/2022,North,Clothing,330,17.72,5831.29,0.169
2/22/2022,East,Food,228,9.82,2171.69,0.283
2/23/2022,North,Food,111,40.13,4440.37,0.059
2/24/2022,East,Clothing,237,76.9,18250.57,0.193
2/25/2022,East,Home,219,120.75,26470.64,0.245
2/26/2022,North,Food,264,33.38,8717.34,0.168
2/27/2022,North,Electronics,233,240.78,56095.33,0.077
2/28/2022,East,Electronics,193,425.17,81988.64,0.079
3/1/2022,South,Electronics,138,356.99,49309.71,0.012
3/2/2022,West,Electronics,189,414.42,78364.59,0.092
3/3/2022,North,Electronics,157,194.22,30447.64,0.223
3/4/2022,West,Electronics,170,370.79,62996,
3/5/2022,South,Electronics,229,190.91,43695.33,0.066
3/5/2022,South,Electronics,283,474.41,134145.39,0.212
3/6/2022,South,Home,219,55.41,12151.59,0.235
3/7/2022,North,Electronics,140,216.29,30266.96,
3/8/2022,South,Clothing,222,44.79,9991.89,0.209
3/9/2022,North,Clothing,259,33.65,8660.43,0.116
3/10/2022,South,Home,169,151.83,25628.31,0.048
3/11/2022,West,Electronics,193,171.86,33093.65,0.119
3/12/2022,West,Clothing,200,106.11,21171.79,0.174
3/13/2022,East,Home,160,36.99,5859.3,0.284
3/14/2022,West,Home,232,135.74,31541.48,0.021
3/15/2022,East,Home,193,173.05,33363.74,0.152
3/15/2022,West,Electronics,220,406.77,89495.61,0.099
3/16/2022,North,Electronics,155,399.56,61912.76,0.152
3/17/2022,West,Food,178,11.57,1995.99,0.007
3/18/2022,East,Home,236,235.95,55675.78,0.094
3/19/2022,East,Food,181,15.58,2849.94,0.246
3/20/2022,South,Food,286,34.35,9763.71,0.166
3/21/2022,North,Electronics,180,261.59,47126.66,0.135
3/22/2022,West,Food,211,31.82,6671.53,
3/23/2022,South,Electronics,246,189.02,46474.77,0.089
3/24/2022,West,Clothing,129,108.37,14006.26,0.115
3/25/2022,West,Clothing,111,145.36,16101.79,
3/26/2022,South,Clothing,123,68.13,8381.87,0.29
3/26/2022,South,Electronics,263,314.08,82587.31,0.132
3/27/2022,South,Electronics,172,96.37,16582.11,0.118
3/28/2022,South,Food,327,14.51,4625.73,0.254
3/29/2022,South,Electronics,171,215.67,36788.09,0.128
3/30/2022,West,Food,209,34.83,7310.27,0.166
3/31/2022,South,Electronics,277,453.01,125535.63,
4/1/2022,North,Clothing,300,57.15,17099.48,0.223
4/2/2022,East,Clothing,303,72.71,22018.93,0.16
4/3/2022,South,Electronics,260,498.39,129596.14,0.243
4/4/2022,South,Clothing,251,115.6,29050.26,0.234
4/5/2022,West,Electronics,229,434.85,99479.27,0.065
4/5/2022,South,Electronics,238,184.58,43885.74,0.215
4/6/2022,South,Home,172,194.02,33354.81,0.24
4/7/2022,South,Clothing,159,41.82,6684.54,0.104
4/8/2022,West,Home,199,72.3,14512.62,0.052
4/9/2022,South,Electronics,191,499.53,95398.83,0.001
4/10/2022,East,Food,177,41.72,7314.09,0.135
4/11/2022,West,Food,234,22.02,5172.79,0.106
4/12/2022,East,Food,247,8.98,2284.11,0.166
4/13/2022,West,Clothing,204,129.23,26368.32,
4/14/2022,South,Clothing,273,39.68,10787.31,0.258
4/15/2022,East,Clothing,142,144.1,20510.1,0.077
4/16/2022,West,Home,190,78.3,14910.18,0.068
4/16/2022,North,Home,164,90.14,14731.66,0.144
4/17/2022,South,Home,106,245.65,26057.97,
4/18/2022,West,Electronics,195,89.42,17486.76,0.065
4/19/2022,North,Food,193,17.67,3469.4,0.082
4/20/2022,West,Home,275,161.19,44323.93,0.051
4/21/2022,North,Electronics,231,317.8,73393.9,0.216
4/22/2022,South,Electronics,148,211.37,31344.12,0.231
4/23/2022,East,Food,292,31.13,9029.45,0.139
4/24/2022,North,Food,261,46.79,12234.12,0.214
4/25/2022,West,Home,229,229.34,52450.36,
4/26/2022,South,Electronics,188,401.03,75446.91,0.041
4/26/2022,North,Food,152,25.06,3796.22,0.29
4/27/2022,West,Electronics,181,400.17,72494.2,0.246
4/28/2022,West,Electronics,254,96.35,24497.47,0.061
4/29/2022,West,Electronics,294,431.59,126826.3,0.056
4/30/2022,North,Home,277,158.14,43876.01,0.038
5/1/2022,North,Food,175,33.68,5971.56,0.042
5/2/2022,North,Clothing,144,82.58,11935.63,0.224
5/3/2022,East,Clothing,207,102.17,21111.11,0.141
5/4/2022,North,Home,111,62.62,6935.52,0.235
5/5/2022,North,Clothing,216,31.19,6744.31,0.224
5/6/2022,North,Home,192,99.6,19088.01,0.181
5/7/2022,East,Clothing,176,123.32,21788.94,0.206
5/7/2022,North,Clothing,120,131.29,15762.02,0.006
5/8/2022,West,Clothing,225,33.54,7411.33,
5/9/2022,North,Clothing,173,143.57,24854.58,
5/10/2022,West,Food,141,44.9,6313.49,0.003
5/11/2022,West,Clothing,56,104.41,5843.21,0.01
5/12/2022,West,Electronics,198,469.84,93009.89,0.256
5/13/2022,East,Home,288,205.81,59313.63,0.205
5/14/2022,East,Clothing,283,142.68,40434.42,0.08
5/15/2022,East,Clothing,177,57.24,10145.63,0.206
5/16/2022,North,Home,169,200.89,33933.44,
5/17/2022,West,Food,223,5.75,1280.18,0.092
5/17/2022,East,Electronics,150,492.07,73811.48,0.011
5/18/2022,East,Home,215,127.26,27320.78,0.28
5/19/2022,North,Food,238,14.52,3484.71,0.104
5/20/2022,East,Clothing,261,49.06,12827.66,0.032
5/21/2022,North,Electronics,194,329.13,63928.24,0.148
5/22/2022,South,Food,189,27.77,5311.3,0.231
5/23/2022,East,Food,156,12.31,1886.08,0.066
5/24/2022,South,Clothing,158,111.86,17714.89,0.081
5/25/2022,North,Home,188,280.36,52660.13,0.073
5/26/2022,West,Food,218,43.87,9598.46,0.298
5/27/2022,East,Electronics,245,475.51,116474.12,0.059
5/28/2022,North,Clothing,159,37.72,5946.32,0.173
5/28/2022,West,Electronics,274,290.15,79515.1,0.278
5/29/2022,West,Food,186,5.39,868.81,0.044
5/30/2022,South,Electronics,198,372.8,73726.85,0.291
5/31/2022,North,Food,162,31.4,5077.93,0.284
6/1/2022,West,Food,78,25.49,1992.34,0.265
6/2/2022,East,Home,244,165.66,40402.57,0.064
6/3/2022,East,Clothing,236,77.22,18144.95,0.19
6/4/2022,South,Home,185,237.98,43985.41,0.228
6/5/2022,West,Electronics,203,155.33,31551.55,0.296
6/6/2022,North,Home,225,188.27,42389.84,0.054
6/7/2022,East,Electronics,121,271.17,32810.76,0.23
6/7/2022,West,Clothing,173,128.25,22245.09,0.102
6/8/2022,West,Food,239,41.59,9959.88,0.053
6/9/2022,South,Electronics,137,151.29,20689.36,0.126
6/10/2022,East,Electronics,214,88.04,18826.53,0.238
6/11/2022,East,Food,132,15.65,1995.66,0.139
6/12/2022,North,Food,223,33.26,7411.57,0.161
6/13/2022,East,Food,198,42.35,8440.91,0.299
6/14/2022,North,Food,119,23.7,2854.56,0.12
6/15/2022,East,Clothing,258,134.66,34812.38,0.185
6/16/2022,South,Electronics,163,483.59,78810.03,0.11
6/17/2022,East,Clothing,159,144.79,23088.91,0.118
6/18/2022,North,Electronics,210,285.17,59876.03,0.209
6/18/2022,North,Home,257,226.72,58340.62,0.281
6/19/2022,South,Food,149,14.19,2113.22,0.163
6/20/2022,East,Clothing,203,48.59,9899.13,0.231
6/21/2022,East,Clothing,221,142.18,31495.54,
6/22/2022,South,Home,234,155.57,36393.71,
6/23/2022,East,Electronics,208,324.94,67598.44,0.151
6/24/2022,East,Food,181,26.86,4926.1,0.006
6/25/2022,North,Clothing,158,33.8,5333.75,0.076
6/26/2022,East,Food,204,46.25,9368.96,0.155
6/27/2022,East,Electronics,146,93.33,13733.33,0.004
6/28/2022,South,Home,53,44.02,2309.57,0.079
6/28/2022,South,Home,221,45.46,10054.6,0.154
6/29/2022,West,Food,245,31.38,7745.9,0.172
6/30/2022,North,Food,81,27.16,2169.54,0.278
7/1/2022,East,Home,149,55.59,8232.52,0.194
7/2/2022,East,Food,230,25.88,5965.09,0.124
7/3/2022,West,Electronics,302,168.72,50863.79,0.279
7/4/2022,East,Food,201,46.17,9265.77,0.235
7/5/2022,North,Food,163,20.09,3286.92,0.06
7/6/2022,West,Clothing,190,33.68,6385.7,0.039
7/7/2022,North,Food,268,28.99,7692.15,0.203
7/8/2022,West,Home,167,22.57,3848.9,
7/9/2022,West,Home,160,76.39,12227.58,0.237
7/9/2022,South,Clothing,175,104.52,18362.56,0.222
7/10/2022,North,Electronics,152,92.61,14063.72,0.188
7/11/2022,East,Home,206,93.27,19169.62,0.296
7/12/2022,East,Home,281,38.76,10905.02,0.16
7/13/2022,North,Electronics,216,488.82,105574.33,0.034
7/14/2022,East,Home,187,88.53,16496.22,0.248
7/15/2022,East,Home,185,266.82,49435.19,0.076
7/16/2022,North,Clothing,121,102.58,12381.07,0.233
7/17/2022,West,Food,244,23.28,5588.31,0.287
7/18/2022,North,Clothing,196,76.83,15125.09,0.209
7/19/2022,West,Electronics,190,489.64,93006.39,0.179
7/20/2022,East,Clothing,359,116.54,41807.47,0.138
7/20/2022,East,Home,214,164.79,35176.79,0.109
7/21/2022,East,Electronics,162,473.95,76866.95,0.106
7/22/2022,South,Clothing,178,95.47,16929.19,0.191
7/23/2022,West,Clothing,257,149.42,38403.86,
7/24/2022,South,Clothing,205,73.76,15166.43,0.204
7/25/2022,South,Home,128,180.13,23077.73,0.06
7/26/2022,North,Clothing,245,61.58,15084.12,0.148
7/27/2022,South,Clothing,166,22.39,3631.66,0.237
7/28/2022,North,Food,293,12.87,3730.42,0.143
7/29/2022,North,Clothing,254,71.52,18175.47,0.161
7/30/2022,South,Electronics,177,150.35,26572.59,0.231
7/30/2022,West,Clothing,264,15.03,3978.09,
7/31/2022,West,Electronics,203,488.69,99238.16,0.123
8/1/2022,West,Electronics,242,398.9,96581.93,
8/2/2022,West,Clothing,224,115.21,25745.73,0.049
8/3/2022,West,Clothing,157,37.65,6020.88,0.299
8/4/2022,South,Home,167,99.15,16596.42,0.036
8/5/2022,South,Clothing,251,24.13,6056.54,0.004
8/6/2022,East,Food,183,16.17,3013.59,0.267
8/7/2022,West,Food,179,49.46,8971.61,0.073
8/8/2022,South,Electronics,152,177.65,26930.86,0.219
8/9/2022,East,Food,221,37.97,8380.11,0.243
8/10/2022,West,Electronics,303,187.71,56757.21,0.258
8/10/2022,North,Home,146,195.35,28530.73,0.297
8/11/2022,East,Electronics,201,363.08,72997.35,0.088
8/12/2022,South,Clothing,270,98.88,26695.64,0.213
8/13/2022,North,Electronics,196,168.41,32975.63,0.035
8/14/2022,North,Home,222,57.12,12578.16,0.122
8/15/2022,North,Clothing,146,19.8,2909.48,
8/16/2022,East,Food,221,44.57,9922.74,0.11
8/17/2022,South,Electronics,190,443.16,84170.85,0.177
8/18/2022,North,Food,249,20.37,5094.13,0.151
8/19/2022,West,Electronics,259,114.75,29641.84,
8/20/2022,North,Home,329,81.34,26783.72,0.292
8/20/2022,North,Electronics,228,207.02,47180.89,0.017
8/21/2022,East,Electronics,216,316.63,68353.96,0.172
8/22/2022,East,Electronics,209,417.6,87240.38,0.259
8/23/2022,South,Clothing,182,74.96,13623.04,0.144
8/24/2022,West,Food,216,40.55,8777.92,0.024
8/25/2022,East,Electronics,185,292.31,54011.74,0.168
8/26/2022,North,Food,208,7.02,1440.3,0.1
8/27/2022,South,Clothing,265,131.91,34954.08,0.046
8/28/2022,North,Clothing,149,16.34,2379.71,0.255
8/29/2022,North,Clothing,256,120.04,30820.07,0.156
8/30/2022,East,Clothing,265,77.2,20415.33,0.28
8/31/2022,South,Food,194,41.49,8015.59,0.242
8/31/2022,West,Electronics,93,208.71,19361.11,
9/1/2022,West,Electronics,169,425.4,71982.52,0.002
9/2/2022,East,Home,264,196.18,51819.17,
9/3/2022,East,Home,198,215.81,42683.55,0.059
9/4/2022,South,Clothing,150,87.68,13207.31,0.273
9/5/2022,West,Electronics,174,384.5,66913.03,0.052
9/6/2022,West,Food,242,45.85,11108.56,0.086
9/7/2022,West,Clothing,227,28.14,6370.56,0.155
9/8/2022,North,Electronics,188,406.36,76358.21,0.079
9/9/2022,West,Electronics,181,442.13,80042.42,
9/10/2022,North,Food,180,40.61,7282.55,0.18
9/10/2022,South,Food,153,14.04,2238.96,0.027
9/11/2022,North,Electronics,280,432.85,121134.54,0.017
9/12/2022,South,Electronics,183,495.57,90766.12,0.112
9/13/2022,West,Electronics,260,453.6,117930.43,0.216
9/14/2022,West,Food,276,47.85,13221.55,0.166
9/15/2022,South,Electronics,249,161.97,40372.19,0.127
9/16/2022,East,Electronics,178,285.54,50794.61,0.17
9/17/2022,South,Food,220,29.19,6465.01,0.11
9/18/2022,East,Electronics,198,286.88,56666.86,0.281
9/19/2022,North,Food,154,34.03,5204.62,0.016
9/20/2022,North,Electronics,216,432.06,93278.76,0.202
9/21/2022,North,Electronics,141,231.79,32619.71,0.267
9/21/2022,West,Electronics,259,441.11,114236.74,0.241
9/22/2022,North,Food,176,11.44,2032.73,0.055
9/23/2022,East,Home,210,278.22,58461.33,0.089
9/24/2022,North,Home,214,185.92,39798.92,0.215
9/25/2022,South,Clothing,187,137.22,25626.86,0.025
9/26/2022,South,Food,229,34.97,8026.58,
9/27/2022,West,Electronics,176,162.5,28606.21,0.216
9/28/2022,South,Electronics,243,479.61,116592.03,0.219
9/29/2022,East,Home,132,156.19,20655.93,0.03
9/30/2022,North,Electronics,206,318.45,65602.22,0.215
10/1/2022,West,Electronics,296,323.31,95654.9,0.204
10/1/2022,North,Electronics,149,285.64,42527.71,0.249
10/2/2022,North,Electronics,166,350.79,58203.65,0.012
10/3/2022,East,Electronics,225,176.53,39703.49,0.007
10/4/2022,South,Food,208,39.43,8214.84,0.112
10/5/2022,South,Clothing,217,31.54,6879.94,0.045
10/6/2022,North,Home,224,285.25,63893.44,0.168
10/7/2022,West,Home,231,123.32,28487.73,0.275
10/8/2022,South,Clothing,255,24.52,6259.77,0.117
10/9/2022,West,Electronics,220,157.81,34692.4,0.253
10/10/2022,South,Clothing,187,40.67,7559.02,0
10/11/2022,West,Food,233,12.07,2724.54,0.051
10/12/2022,East,Electronics,294,156.79,46061.5,0.009
10/12/2022,West,Food,193,28.33,5491.35,0.098
10/13/2022,East,Clothing,151,143.99,21707.34,0.272
10/14/2022,East,Food,255,33.21,8456.66,
10/15/2022,West,Clothing,193,131.05,25315.97,0.182
10/16/2022,East,Electronics,91,319.93,29139.66,0.135
10/17/2022,North,Home,242,67.82,16358.46,0.282
10/18/2022,East,Food,173,49.05,8535.5,0.037
10/19/2022,South,Electronics,195,415.05,80991.12,0.064
10/20/2022,West,Home,216,61.29,13182.15,0.009
10/21/2022,North,Clothing,209,141.2,29469.61,0.13
10/22/2022,West,Home,235,178.41,41985.9,0.083
10/22/2022,South,Food,178,29.61,5263.24,0.261
10/23/2022,South,Clothing,225,134.91,30243.76,0.181
10/24/2022,South,Electronics,187,153.55,28643.87,0.184
10/25/2022,East,Electronics,236,362.56,85551.69,
10/26/2022,East,Clothing,230,54.01,12364.15,0.028
10/27/2022,West,Food,153,43.53,6639.42,0.134
10/28/2022,West,Electronics,254,447.11,113567.56,0.3
10/29/2022,North,Electronics,173,184.86,32053.89,0.251
10/30/2022,North,Home,240,292.17,70106.28,0.268
10/31/2022,West,Home,218,260.61,56866.61,0.247
11/1/2022,East,Clothing,291,37.62,11018.86,0.031
11/2/2022,South,Electronics,188,412.89,77695.04,0.068
11/2/2022,West,Electronics,182,343.48,62527.6,0.001
11/3/2022,North,Electronics,199,395.11,78528.73,0.091
11/4/2022,East,Home,184,143.87,26495.12,0.033
11/5/2022,West,Electronics,239,272.5,65179.92,0.142
11/6/2022,West,Food,119,15.52,1842.83,0.203
11/7/2022,East,Electronics,147,119.39,17637.56,0.262
11/8/2022,West,Food,146,15.61,2322.05,0.225
11/9/2022,East,Food,247,37.11,9194.58,0.282
11/10/2022,South,Home,285,263.26,75083.42,0.016
11/11/2022,East,Electronics,194,202.41,39284.21,0.004
11/12/2022,East,Electronics,191,167.17,31804.83,0.198
11/12/2022,East,Electronics,203,180.02,36519.1,
11/13/2022,West,Home,258,273.56,70638.34,0.076
11/14/2022,West,Home,153,53.53,8149.71,0.099
11/15/2022,East,Food,211,12.24,2571.47,0.081
11/16/2022,West,Food,248,36.52,9004.72,0.153
11/17/2022,North,Food,225,39.15,8897.95,0.132
11/18/2022,North,Electronics,209,284.65,59575.92,
11/19/2022,West,Home,250,261.58,65350.81,0.202
11/20/2022,West,Clothing,64,118.07,7563.84,0.116
11/21/2022,East,Clothing,233,29.67,6879.09,0.075
11/22/2022,South,Clothing,167,147.47,24658.24,0.05
11/23/2022,West,Electronics,108,247.1,26712.28,0.105
11/23/2022,North,Electronics,225,427.57,96243.84,0.223
11/24/2022,East,Food,268,22.74,6110.92,0.227
11/25/2022,West,Electronics,193,92.79,18055.24,0.2
11/26/2022,North,Food,247,27.18,6662.06,0.07
11/27/2022,North,Electronics,280,222.97,62346.07,0.176
11/28/2022,South,Clothing,265,141.64,37514.95,0.171
11/29/2022,East,Electronics,281,338.35,94997.95,0.145
11/30/2022,East,Clothing,237,134.81,31875.35,0.165
12/1/2022,South,Food,203,23.16,4651.41,0.148
12/2/2022,South,Electronics,119,290.54,34528.15,0.17
12/3/2022,East,Food,187,27.14,5027.45,
12/3/2022,East,Clothing,157,60.2,9477.31,0.033
12/4/2022,West,Food,308,15.73,4819.53,0.225
12/5/2022,West,Home,191,42.19,8049.31,0.041
12/6/2022,South,Food,206,26.89,5584.05,0.02
12/7/2022,West,Electronics,227,147.49,33441.91,0.293
12/8/2022,North,Electronics,202,90.49,18265.75,0.287
12/9/2022,West,Electronics,284,268.6,76300.69,0.018
12/10/2022,West,Food,168,47.72,7919.88,0.133
12/11/2022,North,Electronics,209,100.84,20956.31,0.056
12/12/2022,South,Clothing,162,41.55,6748.41,0.146
12/13/2022,North,Food,133,25.73,3446.69,0.249
12/14/2022,West,Clothing,169,55.49,9481.02,0.285
12/14/2022,South,Food,198,6.58,1310.74,
12/15/2022,West,Electronics,178,152.87,27251.85,0.106
12/16/2022,North,Electronics,165,239.5,39507.73,0.181
12/17/2022,North,Food,129,29.83,3862.93,0.094
12/18/2022,West,Clothing,195,126.24,24700.16,0.273
12/19/2022,East,Food,124,25.13,3009.92,0.261
12/20/2022,East,Clothing,238,78.32,18660.84,0.167
12/21/2022,North,Electronics,204,404.56,82637.02,0.097
12/22/2022,North,Home,127,194.31,24691.47,0.088
12/23/2022,East,Food,184,15.96,3019.17,0.01
12/24/2022,East,Food,162,25.6,4115.74,0.245
12/24/2022,West,Electronics,215,470.24,101100,0.135
12/25/2022,West,Food,267,14.27,3811.77,0.098
12/26/2022,East,Clothing,106,18.42,1841.64,0.141
12/27/2022,West,Electronics,205,88.05,17991.84,0.246
12/28/2022,West,Home,191,222.26,42396.82,0.037
12/29/2022,South,Electronics,233,300.39,70031.97,0.257
12/30/2022,West,Home,210,49.72,10484.81,0.269
12/31/2022,North,Clothing,162,47.51,7712.82,0.284
1/1/2023,West,Electronics,184,224.94,41430.17,0.119
1/2/2023,West,Clothing,160,25.88,4132.59,0.065
1/3/2023,East,Home,253,64.39,16350.77,0.112
1/4/2023,North,Food,201,43.36,8715.8,0.1
1/4/2023,West,Home,295,121.95,35978.14,0.053
1/5/2023,West,Food,196,44.35,8679.32,0.182
1/6/2023,South,Food,164,20.86,3455.26,0.143
1/7/2023,West,Home,124,140.49,17399.7,0.26
1/8/2023,West,Electronics,109,213.37,23306.15,0.01
1/9/2023,South,Clothing,120,56.54,6728.19,0.193
1/10/2023,East,Electronics,213,477.81,101718.58,
1/11/2023,West,Home,225,275.84,62098.37,0.228
1/12/2023,South,Home,120,253.24,30384.37,0.266
1/13/2023,North,Electronics,244,196.54,47933.07,0.219
1/14/2023,East,Food,175,13.82,2463,0.278
1/15/2023,North,Home,207,28.74,5918.82,
1/15/2023,North,Electronics,280,84.32,23599.59,0.151
1/16/2023,South,Food,244,21.93,5420.88,0.004
1/17/2023,West,Home,186,104.92,19592.08,0.002
1/18/2023,South,Electronics,155,341.53,53015.77,0.072
1/19/2023,South,Food,92,17.14,1562.77,0.03
1/20/2023,South,Electronics,164,210.99,34663.9,0.078
1/21/2023,South,Home,189,31,5811.55,
1/22/2023,East,Home,150,203.37,30460.15,0.009
1/23/2023,West,Home,193,143.97,27668.69,0.273
1/24/2023,North,Clothing,203,60.74,12413.86,0.002
1/25/2023,North,Home,188,88.88,16666.24,0.221
1/25/2023,West,Home,167,168.98,28213.33,0.046
1/26/2023,North,Clothing,208,95.65,19849.68,0.274
1/27/2023,West,Home,222,216.8,48164.36,0.268
1/28/2023,North,Electronics,145,236.45,34266.47,0.196
1/29/2023,South,Food,270,40.4,10842.76,0.202
1/30/2023,North,Electronics,195,105.96,20684.28,0.002
1/31/2023,West,Electronics,200,118.79,23686.31,0.295
2/1/2023,West,Electronics,235,148.37,34825.08,0.263
2/2/2023,West,Food,211,17.81,3652.57,0.269
2/3/2023,West,Clothing,247,72.21,17764.67,0.198
2/4/2023,West,Food,214,39.03,8361.35,0.103
2/5/2023,East,Electronics,169,267.62,45129.55,0.268
2/5/2023,East,Clothing,218,75.06,16289.02,0.087
2/6/2023,North,Clothing,142,81.02,11504.72,0.169
2/7/2023,West,Food,205,9.6,1940.82,0.03
2/8/2023,North,Clothing,198,137.79,27382.02,0.277
2/9/2023,West,Food,189,46.99,8972.8,0.042
2/10/2023,West,Home,193,203.19,39172.27,0.067
2/11/2023,East,Food,105,41.08,4341.26,0.167
2/12/2023,East,Electronics,172,459.83,79128.22,0.229
2/13/2023,South,Electronics,204,423.31,86325.37,0.186
2/14/2023,East,Home,207,214.28,44281.18,0.07
2/15/2023,South,Electronics,148,103.35,15295.19,0
2/15/2023,South,Home,263,163.52,42997.12,0.227
2/16/2023,South,Clothing,156,142.03,22134.89,0.296
2/17/2023,South,Home,248,147.39,36574.84,0.243
2/18/2023,South,Food,221,26.93,5913.99,0.138
2/19/2023,North,Home,167,217.86,36325.02,0.271
2/20/2023,East,Clothing,288,129.08,37180.49,0.123
2/21/2023,South,Food,140,31.09,4371.9,0.157
2/22/2023,West,Clothing,245,21.92,5311.57,0.143
2/23/2023,East,Clothing,250,69.25,17358.9,
2/24/2023,East,Food,166,7.83,1211.26,0.233
2/25/2023,South,Home,269,67.16,18037.13,0.158
2/26/2023,North,Home,187,232.93,43545.01,0.095
2/26/2023,South,Food,214,38.45,8196.49,0.077
2/27/2023,North,Clothing,213,100.69,21418.72,0.011
2/28/2023,West,Clothing,193,40.17,7846.36,0.175
3/1/2023,East,Food,240,42.62,10186.26,0.069
3/2/2023,West,Electronics,239,130.35,31275.71,0.044
3/3/2023,North,Electronics,112,388.67,43552.9,0.196
3/4/2023,North,Clothing,265,54.41,14423.25,0.204
3/5/2023,West,Electronics,116,200.94,23332.85,0.226
3/6/2023,North,Electronics,251,286.98,72158.48,0.151
3/7/2023,West,Electronics,256,205.98,52681.2,0.268
3/8/2023,East,Electronics,145,330.35,47844.73,0.281
3/8/2023,West,Electronics,179,262.21,46897.85,0.242
3/9/2023,East,Home,144,72.94,10504.97,0.191
3/10/2023,West,Clothing,189,72.66,13646.45,0.091
3/11/2023,North,Clothing,184,79.14,14562.88,0.295
3/12/2023,West,Food,238,33.16,7976.76,0.082
3/13/2023,North,Electronics,265,224.46,59489.47,0.061
3/14/2023,West,Home,269,189.17,50872.1,0.133
3/15/2023,West,Food,171,28.04,4763.93,0.017
3/16/2023,South,Electronics,189,471.25,89111.18,0.294
3/17/2023,North,Clothing,115,31.67,3600.76,0.177
3/18/2023,South,Home,159,132.78,21204.34,0.167
3/19/2023,North,Home,248,184.87,45944.43,0.197
3/19/2023,South,Clothing,280,20.3,5696.84,
3/20/2023,East,Food,138,31.71,4375.4,0.01
3/21/2023,West,Electronics,170,217.25,36984.03,0.184
3/22/2023,North,Home,198,296.39,58739.96,0.215
3/23/2023,North,Electronics,214,427.15,91369.8,0.125
3/24/2023,West,Home,159,212.48,33757.99,0.227
3/25/2023,North,Food,221,41.12,9021.4,0.068
3/26/2023,North,Food,176,40.46,7141.41,0.066
3/27/2023,South,Clothing,199,96.03,19143.3,0.048
3/28/2023,North,Electronics,227,129.86,29410.72,0.112
3/29/2023,East,Electronics,200,491.84,98345.24,0.254
3/29/2023,East,Electronics,178,170.17,30222.9,
3/30/2023,West,Electronics,194,108.24,20953.62,
3/31/2023,North,Food,195,40.22,7870.45,0.177
4/1/2023,West,Clothing,181,102.54,18523.07,0.216
4/2/2023,East,Electronics,187,93.63,17493.77,0.072
4/3/2023,North,Home,279,37.25,10311.38,0.05
4/4/2023,North,Home,228,65.5,14943.35,0.292
4/5/2023,West,Home,185,270.61,50060.64,0.185
4/6/2023,East,Home,234,212.09,49592.61,0.294
4/7/2023,North,Electronics,183,318.55,58285.2,0.101
4/8/2023,West,Clothing,258,68.14,17589.13,
4/9/2023,East,Food,218,23.11,4997.24,
4/9/2023,West,Food,194,46.4,8927.79,0.078
4/10/2023,South,Electronics,222,493.1,109558.48,0.154
4/11/2023,North,Home,121,121.81,14707.35,0.096
4/12/2023,South,Electronics,143,487.28,69676.2,
4/13/2023,East,Electronics,140,261.12,36607.34,0.079
4/14/2023,South,Clothing,207,129.42,26966.39,0.011
4/15/2023,South,Food,286,23.1,6544.38,0.211
4/16/2023,East,Food,311,7.31,2295.9,0.148
4/17/2023,West,Electronics,231,370.64,85582.46,0.028
4/18/2023,South,Home,225,145.07,32613.81,0.052
4/19/2023,West,Electronics,109,175.14,19054.25,0.031
4/19/2023,South,Electronics,172,337.87,58057.36,0.184
4/20/2023,West,Home,160,155.87,24937.14,0.028
4/21/2023,East,Home,168,172.15,28847.47,0.226
4/22/2023,South,Home,191,105.33,20165.37,0.006
4/23/2023,East,Home,176,70.91,12482.91,0.075
4/24/2023,South,Food,101,21.8,2222.92,0.267
4/25/2023,East,Food,237,11.81,2775.66,
4/26/2023,East,Electronics,146,227.34,33173.28,0.022
4/27/2023,South,Clothing,211,73.78,15581.96,0.246
4/28/2023,South,Clothing,303,143.67,43473.81,0.148
4/29/2023,South,Electronics,154,217.84,33529.46,0.254
4/30/2023,North,Food,73,9.76,669.5,0.18
4/30/2023,West,Clothing,185,86.22,15906.17,
5/1/2023,North,Electronics,255,276.01,70277.06,0.298
5/2/2023,North,Electronics,297,282.5,83969.47,0.07
5/3/2023,East,Food,138,40.13,5503.61,0.187
5/4/2023,South,Electronics,224,172.92,38792.25,0.138
5/5/2023,West,Home,176,100.14,17678.08,0.012
5/6/2023,East,Clothing,194,86.88,16790.42,0.004
5/7/2023,North,Clothing,332,91.2,30223.98,0.036
5/8/2023,South,Food,124,12.85,1721.43,0.195
5/9/2023,East,Home,212,26.45,5694.95,0.17
5/10/2023,South,Clothing,223,66.26,14774.4,0.166
5/10/2023,East,Food,254,33.99,8646.33,0.01
5/11/2023,South,Food,204,34.28,6961.58,0.141
5/12/2023,North,Electronics,215,472.17,101538.17,0.277
5/13/2023,West,Home,180,55.67,9984.74,0.119
5/14/2023,North,Food,213,46.39,9779.45,0.187
5/15/2023,West,Food,182,9.27,1621.06,0.234
5/16/2023,South,Home,231,57.58,13302.03,0.235
5/17/2023,East,Home,181,200.53,36239.38,0.156
5/18/2023,North,Food,218,39.06,8511.72,0.257
5/19/2023,West,Home,198,218.23,43155.81,0.117
5/20/2023,North,Food,256,12.51,3163.44,0.267
5/21/2023,West,Food,197,40.88,8096.02,
5/21/2023,North,Food,111,37.41,4164.88,0.084
5/22/2023,West,Food,263,8.88,2334.96,0.016
5/23/2023,West,Electronics,154,255.42,39378.63,0.239
5/24/2023,South,Home,167,142.4,23804.83,0.125
5/25/2023,West,Home,170,95,16222.33,0.069
5/26/2023,South,Electronics,268,474.16,127051.89,0.07
5/27/2023,West,Home,93,263.97,24527.73,0.27
5/28/2023,East,Electronics,356,112.26,39899.5,0.25
5/29/2023,East,Clothing,252,74.09,18649.23,0.166
5/30/2023,East,Food,211,34.86,7403.7,0.185
5/31/2023,West,Electronics,197,249.35,49186.95,0.142
5/31/2023,South,Home,214,91.99,19733.88,0.117
6/1/2023,South,Home,226,154.25,34770.79,0.275
6/2/2023,West,Clothing,232,139.56,32432.08,0.038
6/3/2023,East,Electronics,227,236.85,53673.02,0.126
6/4/2023,East,Electronics,204,187.24,38241.87,0.103
6/5/2023,South,Food,190,42.91,8134.51,0.149
6/6/2023,East,Home,192,127.39,24494.01,0.137
6/7/2023,North,Food,190,49.16,9273.78,0.156
6/8/2023,South,Electronics,256,363.85,93204.16,0.042
6/9/2023,East,Food,229,18.64,4195.31,0.154
6/10/2023,South,Clothing,52,16.62,830.82,0.073
6/11/2023,North,Food,232,20.75,4764.1,0.055
6/11/2023,South,Electronics,209,156.35,32589.44,0.019
6/12/2023,South,Food,199,7.95,1586.78,0.229
6/13/2023,South,Clothing,180,26.53,4865.7,0.128
6/14/2023,South,Home,256,131.51,33799.91,0.188
6/15/2023,North,Clothing,247,84.93,20982.57,0.218
6/16/2023,West,Food,161,16.5,2712.33,0.204
6/17/2023,South,Home,220,23.57,5197,0.141
6/18/2023,South,Electronics,151,313.96,47432.9,0.116
6/19/2023,East,Home,131,145.09,18989.68,0.113
6/20/2023,South,Food,168,42.21,7101.03,0.192
6/21/2023,East,Electronics,243,387.22,94121.33,0.148
6/21/2023,West,Clothing,247,128.06,31601.9,
6/22/2023,North,Food,225,37.11,8345.88,0.262
6/23/2023,North,Electronics,236,452.2,106716.28,0.051
6/24/2023,West,Food,225,30.6,6926.32,0.041
6/25/2023,North,Clothing,167,118.78,19782.96,
6/26/2023,West,Food,221,24.45,5400.87,0.09
6/27/2023,West,Electronics,240,344.52,82780.4,0.006
6/28/2023,West,Home,237,246.09,58381.53,0.267
6/29/2023,North,Home,259,50.62,13178.04,0.068
6/30/2023,East,Home,235,131.24,30842.62,0.279
7/1/2023,West,Food,217,47.83,10395.16,0.215
7/2/2023,South,Electronics,253,259.95,65817.46,0.229
7/2/2023,North,Food,198,44.06,8801.89,0.06
7/3/2023,West,Electronics,155,426.28,65975.82,0.07
7/4/2023,West,Electronics,191,141.5,26960.73,0.156
7/5/2023,South,Clothing,162,50.43,8235.13,0.052
7/6/2023,East,Clothing,166,71.93,11926.54,0.092
7/7/2023,East,Food,192,19.02,3618.25,0.096
7/8/2023,East,Food,160,40.23,6374.09,0.048
7/9/2023,West,Clothing,184,92.98,17080.57,0.062
7/10/2023,West,Electronics,105,464.33,48684.53,0.237
7/11/2023,West,Home,210,56.34,11935.95,0.05
7/12/2023,North,Clothing,200,57.6,11518.88,0.009
7/13/2023,South,Clothing,159,29.39,4670.11,0.189
7/13/2023,West,Electronics,232,295.92,68682.84,0.293
7/14/2023,South,Food,246,21.53,5344.5,0.099
7/15/2023,South,Food,119,28.67,3459.02,
7/16/2023,East,Electronics,161,216.59,34924.67,0.171
7/17/2023,North,Electronics,161,96.49,15503.35,0.272
7/18/2023,West,Food,153,28.59,4359.38,0.235
7/19/2023,East,Food,241,35.18,8516.83,0.187
7/20/2023,East,Electronics,190,490.91,93246.53,0.095
7/21/2023,West,Home,186,190.65,35460.64,0.163
7/22/2023,South,Electronics,99,245.97,24370.97,0.027
7/23/2023,East,Clothing,231,76.51,17713.07,0.204
7/23/2023,South,Home,138,86.98,11914.36,0.218
7/24/2023,North,Clothing,202,117.3,23730.34,0.29
7/25/2023,South,Food,213,6.32,1334.47,0.078
7/26/2023,North,Clothing,268,57.94,15563.29,0.006
7/27/2023,South,Electronics,134,248.09,33282.91,0.164
7/28/2023,East,Home,49,176.9,8748.5,0.212
7/29/2023,East,Clothing,209,80.56,16904.71,0.237
7/30/2023,North,Home,290,119.36,34681.73,
7/31/2023,West,Electronics,261,90.82,23776.2,0.079
8/1/2023,North,Electronics,210,333.48,70045.37,0.154
8/2/2023,North,Electronics,175,356.99,62474.86,0.099
8/3/2023,South,Food,240,26,6283.64,0.258
8/3/2023,South,Clothing,151,130.03,19671.13,0.142
8/4/2023,North,Home,223,43.7,9729.65,0.24
8/5/2023,East,Clothing,225,84.49,19030.49,0.174
8/6/2023,South,Home,253,82.88,20966.89,0.232
8/7/2023,West,Electronics,337,173.52,58433.54,0.1
8/8/2023,South,Home,219,255.32,55979.6,0.249
8/9/2023,South,Food,174,38.51,6703.5,0.082
8/10/2023,West,Food,198,12.57,2591.3,0.164
8/11/2023,North,Home,111,118.27,13046.7,0.064
8/12/2023,West,Food,165,25.73,4217.61,0.143
8/13/2023,North,Food,179,17.88,3202.15,0.095
8/13/2023,North,Electronics,173,398.06,68921.25,0.08
8/14/2023,North,Electronics,207,457.15,94650.02,0.29
8/15/2023,West,Home,158,185.46,29318.2,0.048
8/16/2023,North,Food,256,42.1,10721.24,0.236
8/17/2023,East,Food,200,23.8,4702.15,
8/18/2023,West,Clothing,199,133.78,26638.35,0.006
8/19/2023,East,Electronics,183,357.92,65431.15,0.21
8/20/2023,North,Electronics,207,333.03,68910.62,0.076
8/21/2023,South,Food,241,31.83,7696.08,
8/22/2023,North,Clothing,156,32.72,5055.2,0.121
8/23/2023,East,Electronics,167,89.96,15103.59,0.281
8/24/2023,East,Clothing,184,42.24,7833.36,0.004
8/24/2023,West,Electronics,132,489.37,64518.27,0.176
8/25/2023,South,Food,159,30.62,4821.96,0.15
8/26/2023,West,Electronics,176,177.22,31076.43,0.262
8/27/2023,East,Food,243,48.58,11765.81,0.025
8/28/2023,North,Clothing,213,39.85,8526.37,0.204
8/29/2023,South,Clothing,209,117.12,24457.39,0.204
8/30/2023,North,Electronics,242,101.26,24527.96,0.201
8/31/2023,North,Electronics,193,96.54,18556.1,0.283
9/1/2023,South,Clothing,219,98.24,21554.46,0.247
9/2/2023,West,Clothing,194,20.45,3939.54,
9/3/2023,North,Food,213,15.81,3368.14,0.141
9/3/2023,East,Electronics,170,324.97,55240.26,0.119
9/4/2023,North,Food,78,25.5,1925.42,0.093
9/5/2023,South,Home,193,270.35,52119.9,0.135
9/6/2023,South,Food,271,21.05,5752.94,
9/7/2023,South,Electronics,246,96.91,23859.81,0.13
9/8/2023,West,Clothing,248,42.48,10587.54,0.294
9/9/2023,North,Electronics,261,247.03,64491.06,0.027
9/10/2023,West,Electronics,204,489,99763.15,0.277
9/11/2023,West,Home,209,171.84,35828.26,0.144
9/12/2023,South,Electronics,169,195.6,33042.88,0.187
9/13/2023,South,Clothing,184,19.65,3614.23,0.249
9/14/2023,West,Food,230,14.42,3414.26,0.108
9/14/2023,North,Food,260,6.77,1794.55,0.129
9/15/2023,East,Food,193,38.36,7480.28,0.123
9/16/2023,West,Electronics,177,310.94,55066.26,0.112
9/17/2023,North,Clothing,200,87.68,17500.43,0.278
9/18/2023,South,Clothing,230,138.29,31812.56,0.249
9/19/2023,South,Electronics,127,429.59,54569.74,0.033
9/20/2023,North,Clothing,85,126.99,10747.19,0.032
9/21/2023,East,Electronics,172,174.21,29944.9,0.128
9/22/2023,South,Electronics,138,174.95,24132.81,0.03
9/23/2023,South,Clothing,174,116.44,20340.84,0.186
9/24/2023,South,Electronics,192,470.77,90283.8,0.043
9/24/2023,North,Food,177,30.08,5384.45,0.157
9/25/2023,West,Food,272,38.42,10403.4,0.002
9/26/2023,South,Home,216,166.12,35813.32,0.095
9/27/2023,West,Electronics,215,445.69,95882.35,0.203
9/28/2023,East,Electronics,231,115.08,26620.07,0.145
9/29/2023,South,Electronics,143,168.67,24182.54,0.293
9/30/2023,South,Food,251,38.76,9768.8,
10/1/2023,East,Food,196,36.2,7198.19,0.108
10/2/2023,South,Electronics,233,286.86,66866.32,0.014
10/3/2023,West,Home,146,297.26,43392.14,0.254
10/4/2023,North,Electronics,122,220.45,26912.05,0.273
10/5/2023,West,Clothing,240,23.61,5728.57,0.246
10/5/2023,North,Food,218,24.83,5373.97,0.038
10/6/2023,North,Home,154,98.7,15167.21,0.299
10/7/2023,West,Food,156,35.79,5567.79,0.078
10/8/2023,West,Home,256,69.47,17679.09,0.217
10/9/2023,West,Clothing,140,101.77,14254.7,0.272
10/10/2023,West,Home,282,273.13,76928.35,0.071
10/11/2023,East,Electronics,154,142.68,21975.37,0.272
10/12/2023,South,Home,231,207.67,48015.03,0.093
10/13/2023,North,Clothing,183,123.25,22530.91,
10/14/2023,West,Home,230,194.94,44920.06,0.084
10/15/2023,West,Clothing,172,132.39,22698.05,0.286
10/15/2023,West,Food,191,47.33,9099.59,0.016
10/16/2023,East,Clothing,202,142.94,28907.64,0.213
10/17/2023,West,Food,149,20.85,3020.85,0.16
10/18/2023,West,Electronics,237,372.81,88491.51,0.143
10/19/2023,West,Electronics,174,161.24,28052.57,0.067
10/20/2023,South,Electronics,188,349.43,65648.97,0.212
10/21/2023,East,Electronics,150,189.13,28299.15,0.057
10/22/2023,West,Home,71,109.75,7781.25,0.166
10/23/2023,North,Electronics,190,456.19,86669.73,
10/24/2023,North,Home,320,291.94,93425.93,0.287
10/25/2023,North,Clothing,239,22.89,5455.82,
10/26/2023,East,Electronics,199,252.75,50328.91,0.06
10/26/2023,East,Food,186,25.94,4805.46,0.073
10/27/2023,North,Food,201,7.62,1434.87,0.124
10/28/2023,West,Clothing,227,62.9,14270.83,0.07
10/29/2023,East,Food,140,24.62,3328.43,0.147
10/30/2023,North,Food,255,12.06,3092.99,0.262
10/31/2023,North,Electronics,235,246.74,57934.93,0.214
11/1/2023,West,Home,235,143.32,33688.37,0.174
11/2/2023,South,Home,221,272.33,60250.63,0.027
11/3/2023,East,Food,200,31.59,6270.56,0.208
11/4/2023,West,Electronics,233,361.93,84382.75,0.05
11/5/2023,North,Food,229,47.36,10823.77,0.236
11/5/2023,North,Electronics,182,114.12,20857.5,0.075
11/6/2023,West,Electronics,171,496.88,84948.22,0.125
11/7/2023,East,Electronics,205,145.6,29805.98,0.105
11/8/2023,South,Clothing,277,15.99,4463.59,0.258
11/9/2023,South,Home,138,111.45,15358.31,0.038
11/10/2023,North,Food,126,10.16,1238.09,0.17
11/11/2023,East,Food,208,10.68,2197.55,0.043
11/12/2023,South,Clothing,202,64.71,13069.19,0.211
11/13/2023,East,Clothing,208,147.17,30678.47,0.272
11/14/2023,East,Clothing,212,71.8,15124.9,0.13
11/15/2023,North,Home,188,142.72,26832.51,0.146
11/16/2023,South,Electronics,274,340.14,93229.61,0.278
11/16/2023,West,Home,119,66.12,7877.95,0.156
11/17/2023,North,Food,158,29.26,4688.57,0.146
11/18/2023,South,Clothing,194,122.7,23800.08,0.173
11/19/2023,South,Food,117,26.79,3125.2,0.207
11/20/2023,South,Clothing,191,76.68,14675.5,0.032
11/21/2023,South,Home,283,185.71,52560.9,0.246
11/22/2023,South,Home,201,40.22,8064.7,0.131
11/23/2023,East,Clothing,211,145.51,30728.42,0.022
11/24/2023,North,Electronics,136,425.77,57872.09,0.236
11/25/2023,East,Food,169,19.41,3249.73,0.113
11/26/2023,West,Home,181,230.67,41724.87,0.03
11/26/2023,South,Electronics,184,86.8,16038.85,0.19
11/27/2023,North,Food,264,32.69,8469.11,0.264
11/28/2023,South,Food,227,23.26,5299.8,0.266
11/29/2023,North,Food,144,6.85,988.11,0.287
11/30/2023,East,Electronics,212,496.62,105199.4,0.26
12/1/2023,North,Food,224,16.94,3810.05,0.001
12/2/2023,West,Home,257,194.01,49884.36,0.114
12/3/2023,West,Electronics,279,401.45,112034.03,
12/4/2023,North,Electronics,149,186.27,27621.64,0.11
12/5/2023,North,Home,159,120.1,19164.22,0.18
12/6/2023,North,Electronics,137,123.19,16840.14,0.182
12/7/2023,North,Home,188,199.98,37630.57,0.11
12/7/2023,West,Clothing,223,78.37,17513.56,0.271
12/8/2023,South,Electronics,249,363.01,90345.66,0.151
12/9/2023,North,Home,196,115.85,22739.62,0.139
12/10/2023,North,Clothing,184,41.01,7526.57,0.299
12/11/2023,West,Clothing,207,32.42,6607.37,0.148
12/12/2023,West,Clothing,158,55.21,8781.57,0.054
12/13/2023,East,Food,304,48.6,14735.65,0.154
12/14/2023,North,Electronics,119,366.66,43589.82,0.244
12/15/2023,East,Clothing,209,45.71,9533.24,0.233
12/16/2023,West,Home,301,229.81,69186.42,0.237
12/17/2023,West,Electronics,200,195.89,39175.14,0.212
12/17/2023,South,Food,190,28.77,5493.7,0.076
12/18/2023,North,Clothing,182,61.31,11091.45,0.259
12/19/2023,East,Food,190,31.66,5978.28,0.268
12/20/2023,West,Electronics,268,178,47698.2,0.058
12/21/2023,West,Home,89,192.17,17198.02,0.039
12/22/2023,East,Clothing,276,135.3,37337.11,
12/23/2023,South,Electronics,128,171.86,22052.34,0.26
12/24/2023,West,Electronics,186,105.18,19565.41,0.268
12/25/2023,North,Electronics,178,135.01,24007.6,0.266
12/26/2023,West,Clothing,229,21.77,4972.99,0.163
12/27/2023,North,Clothing,120,28.05,3357.58,0.194
12/28/2023,East,Home,223,254.6,56805.98,0.164
12/28/2023,North,Clothing,301,53.05,16036.78,0.015
12/29/2023,East,Electronics,131,223.35,29276.83,0.224
12/30/2023,North,Food,209,23.49,4968.76,0.152
12/31/2023,East,Food,166,14.8,2408.56,0.194
1/1/2024,North,Electronics,221,219.43,48473.3,0.151
1/2/2024,South,Electronics,200,275.44,55051.78,0.148
1/3/2024,North,Electronics,167,85.75,14335.97,0.052
1/4/2024,North,Food,224,6.16,1361.89,0.084
1/5/2024,South,Food,290,14.98,4380.69,0.048
1/6/2024,West,Clothing,190,18.66,3498.85,0.059
1/7/2024,West,Home,235,299.07,70283.6,0.292
1/8/2024,North,Home,135,230.22,31114.04,0.046
1/8/2024,South,Food,152,26.35,3901.93,0.081
1/9/2024,North,Home,223,119.48,26750.12,0.177
1/10/2024,East,Electronics,274,204.29,55961.3,
1/11/2024,East,Electronics,217,358.81,77760.52,0.046
1/12/2024,North,Electronics,184,485.43,89327.02,0.238
1/13/2024,West,Electronics,199,101.18,20136.49,0.236
1/14/2024,West,Clothing,137,134.8,18463.51,0.071
1/15/2024,North,Home,230,255.42,58796.16,0.087
1/16/2024,North,Electronics,244,316.85,77348.77,
1/17/2024,East,Electronics,177,290.12,51366.13,0.248
1/18/2024,West,Clothing,176,140.13,24685.39,0.209
1/18/2024,North,Home,213,145.24,30930.9,
1/19/2024,East,Clothing,178,83.71,14989.15,0.125
1/20/2024,West,Clothing,196,76.13,14847.52,0.168
1/21/2024,South,Electronics,304,465.25,141442.98,0.056
1/22/2024,East,Electronics,187,250.77,46897.24,0.134
1/23/2024,West,Home,182,139.25,25384.16,
1/24/2024,West,Home,167,295.95,49381.46,
1/25/2024,East,Electronics,237,203.21,48073.59,0.234
1/26/2024,South,Home,190,280.63,53327.54,
1/27/2024,East,Food,167,40.66,6804.28,0.097
1/28/2024,West,Home,266,229.51,61124.14,0.252
1/29/2024,North,Clothing,270,22.42,5989.88,0.031
1/29/2024,North,Clothing,169,93.1,15791.63,0.251
1/30/2024,East,Clothing,106,26.15,2890.27,0.046
1/31/2024,West,Food,250,42.59,10628.61,0.025
2/1/2024,North,Electronics,165,204.25,33636.7,0.193
2/2/2024,West,Electronics,239,80.47,19211.98,0.142
2/3/2024,East,Clothing,101,49.94,5044.64,0.272
2/4/2024,North,Food,244,45.57,11147.27,0.109
2/5/2024,West,Electronics,139,357.97,49728.26,0.086
2/6/2024,North,Food,236,5.41,1354.52,0.15
2/7/2024,East,Home,200,44.52,8848.27,0.137
2/8/2024,West,Electronics,152,86.82,13109.68,0.103
2/8/2024,North,Food,179,35.12,6341.82,0.208
2/9/2024,East,Clothing,234,92.07,21430.65,0.228
2/10/2024,North,Home,205,206.28,42277.19,0.256
2/11/2024,North,Electronics,229,313.76,72006.92,0.292
2/12/2024,South,Food,298,13.48,4016.44,0.08
2/13/2024,South,Home,121,65.9,7917.86,0.215
2/14/2024,East,Home,280,226.07,63296.73,0.118
2/15/2024,South,Food,205,17.09,3500.91,0.203
2/16/2024,East,Clothing,155,144.7,22436.53,
2/17/2024,South,Food,133,8.88,1214.15,0.298
2/18/2024,North,Home,190,67.96,12860.44,0.219
2/19/2024,East,Food,246,27.63,6881.36,0.286
2/19/2024,East,Electronics,193,386.15,74539.21,
2/20/2024,North,Home,275,205.46,56537.84,0.271
2/21/2024,East,Food,127,20.03,2512.4,0.244
2/22/2024,East,Food,199,28.48,5731.84,0.138
2/23/2024,South,Electronics,137,379.1,51923.85,0.076
2/24/2024,East,Food,218,5.38,1186.72,0.111
2/25/2024,West,Clothing,244,87,21181.34,0.006
2/26/2024,North,Food,178,37.09,6552.17,0.157
2/27/2024,South,Electronics,69,306.93,21212.58,0.152
2/28/2024,South,Food,209,7.38,1520.24,0.158
2/29/2024,West,Home,221,269.71,59563.22,0.292
2/29/2024,North,Electronics,220,317.61,69842.04,0.273
3/1/2024,North,Home,261,191.88,50115.63,0.049
3/2/2024,South,Clothing,146,45.68,6637.83,0.111
3/3/2024,East,Home,234,129.63,30327.54,0.127
3/4/2024,South,Food,259,30.96,8019.39,0.108
3/5/2024,North,Food,111,11.97,1232.8,0.24
3/6/2024,West,Food,215,21.03,4447.89,
3/7/2024,South,Home,174,99.11,17261.95,0.172
3/8/2024,North,Clothing,195,65.08,12653.75,0.256
3/9/2024,South,Clothing,217,119.24,25927.92,0.242
3/10/2024,East,Food,175,23.91,4232.59,0.04
3/11/2024,South,Home,166,161.09,26776.9,
3/11/2024,South,Food,201,5.26,1148.25,0.131
3/12/2024,North,Food,145,8.53,1232.7,0.088
3/13/2024,North,Clothing,145,120.54,17510.74,0.015
3/14/2024,North,Home,233,113.58,26434.92,0.146
3/15/2024,South,Electronics,142,498.14,70858.5,0.107
3/16/2024,East,Clothing,233,92.83,21728.57,0.075
3/17/2024,West,Electronics,223,421.24,93937.11,0.208
3/18/2024,West,Clothing,113,124.35,14070.88,0.231
3/19/2024,North,Clothing,166,47.17,7898.18,0.073
3/20/2024,North,Clothing,259,45.29,11722.75,0.015
3/21/2024,South,Food,150,47.39,7075.67,0.255
3/21/2024,West,Clothing,176,50.21,8880.66,
3/22/2024,North,Clothing,223,16.23,3623.21,0.281
3/23/2024,East,Electronics,239,135.95,32501.2,0.188
3/24/2024,East,Clothing,187,84,15666.29,0.097
3/25/2024,North,Electronics,170,133.9,22677.12,0.074
3/26/2024,North,Electronics,271,322.97,87536.68,0.003
3/27/2024,West,Food,286,13.6,3934.85,0.071
3/28/2024,West,Food,248,40.57,10050.07,0.041
3/29/2024,South,Food,204,25.43,5259.54,0.184
3/30/2024,West,Clothing,159,91.84,14567.36,0.05
3/31/2024,East,Clothing,158,132.18,20831.7,0.159
4/1/2024,East,Home,226,202.63,45791.02,0.177
4/1/2024,North,Clothing,220,111.93,24620.47,0.089
4/2/2024,West,Clothing,270,65.23,17650.6,0.011
4/3/2024,South,Electronics,232,90.79,21024.53,0.011
4/4/2024,East,Clothing,124,76.82,9594.08,0.008
4/5/2024,East,Clothing,252,68.25,17297.35,0.222
4/6/2024,South,Clothing,150,132.05,19805.54,0.095
4/7/2024,South,Food,180,29.01,5284.29,0.239
4/8/2024,East,Clothing,212,145.51,30795.3,0.13
4/9/2024,East,Food,299,21.47,6473.29,0.136
4/10/2024,South,Food,355,41.32,14720.96,0.154
4/11/2024,East,Home,230,52.28,12067.57,0.214
4/11/2024,North,Food,190,10.25,1946.72,0.082
4/12/2024,North,Home,226,221.45,49899.99,0.036
4/13/2024,South,Electronics,244,307.38,74968.63,0.167
4/14/2024,West,Electronics,183,116.13,21220.49,0.098
4/15/2024,South,Electronics,289,103.95,29992.64,0.133
4/16/2024,South,Food,211,44.13,9317.54,0.194
4/17/2024,West,Home,224,35.82,8002.73,0.148
4/18/2024,West,Electronics,233,308.62,71867.23,
4/19/2024,West,Home,221,140.82,31068.28,0.163
4/20/2024,North,Electronics,241,347.87,83800.89,0.222
4/21/2024,East,Home,169,164.46,27849.81,0.212
4/22/2024,North,Clothing,172,62.72,10754.79,0.16
4/22/2024,East,Electronics,144,289.21,41620.49,0.204
4/23/2024,North,Clothing,221,81.29,17942.26,0.262
4/24/2024,East,Electronics,238,185.97,44277.81,0.13
4/25/2024,North,Electronics,222,209.26,46478.53,0.124
4/26/2024,West,Clothing,283,56.78,15916.51,0.229
4/27/2024,South,Home,199,135.32,26979.76,0.175
4/28/2024,North,Clothing,233,70.5,16498.32,0.021
4/29/2024,East,Clothing,145,75.04,10828.29,0.268
4/30/2024,West,Food,180,12.73,2242.79,0.009
5/1/2024,North,Food,234,41.35,9653.39,0.225
5/2/2024,North,Electronics,242,349.21,84471.02,0.228
5/2/2024,West,Clothing,185,106.97,19800.65,0.286
5/3/2024,North,Electronics,196,159.77,31217.59,0.016
5/4/2024,South,Electronics,124,374.73,46410.62,0.179
5/5/2024,North,Food,182,11.23,2120.82,0.128
5/6/2024,South,Electronics,244,230.62,56224.87,0.099
5/7/2024,South,Clothing,228,23.65,5454.37,0.027
5/8/2024,West,Food,225,33.77,7616.02,0.169
5/9/2024,North,Electronics,202,212.62,42858.78,0.144
5/10/2024,West,Food,200,45.81,9193.77,0.031
5/11/2024,North,Electronics,166,401.94,66716.16,0.184
5/12/2024,North,Home,234,127.26,29756.07,0.221
5/13/2024,East,Clothing,221,128.91,28501.36,0.23
5/13/2024,North,Home,224,179.13,40148.85,0.272
5/14/2024,West,Food,173,40.74,7083.4,0.123
5/15/2024,South,Electronics,92,397.63,36640.87,
5/16/2024,North,Food,254,45.26,11516.45,
5/17/2024,East,Home,176,249.81,43897.78,0.089
5/18/2024,West,Food,156,23.48,3639.2,0.048
5/19/2024,North,Home,234,253.01,59351.49,0.131
5/20/2024,West,Home,180,158.32,28533.82,0.121
5/21/2024,East,Electronics,252,325.51,82146.98,0.173
5/22/2024,East,Electronics,230,487.12,112107.37,0.175
5/23/2024,West,Food,234,8.99,2115.75,0.225
5/23/2024,North,Clothing,131,47.23,6202.2,0.153
5/24/2024,South,Home,260,241.27,62728.37,0.031
5/25/2024,East,Home,213,102.81,21811.64,0.257
5/26/2024,North,Clothing,181,110.04,19918.14,0.093
5/27/2024,North,Electronics,207,356.4,73835.33,0.291
5/28/2024,South,Food,111,16.3,1779.32,0.035
5/29/2024,East,Electronics,220,269.73,59361.2,0.287
5/30/2024,East,Home,148,58.18,8653.22,0.027
5/31/2024,North,Clothing,132,143.88,18946.68,0.069
6/1/2024,North,Food,123,30.75,3759.68,0.014
6/2/2024,South,Electronics,255,450.97,114946.45,0.212
6/3/2024,South,Food,168,20.6,3419.69,0.255
6/3/2024,East,Clothing,276,57.78,15882.9,
6/4/2024,West,Food,173,45.21,7776.31,
6/5/2024,East,Electronics,114,265.65,30355.07,
6/6/2024,North,Food,144,19.94,2825.59,
6/7/2024,East,Home,261,116.83,30498.95,0.254
6/8/2024,West,Electronics,192,421.76,80952.78,0.089
6/9/2024,South,Electronics,172,475.01,81760.66,0.106
6/10/2024,West,Electronics,208,352.48,73381.4,0.272
6/11/2024,West,Food,225,41.35,9346.95,0.27
6/12/2024,West,Food,255,16.09,4118.26,0.293
6/13/2024,South,Clothing,272,109.71,29829.57,0.271
6/13/2024,West,Electronics,182,332.76,60502.73,0.038
6/14/2024,West,Clothing,133,70.24,9439.1,0.247
6/15/2024,West,Food,179,33.52,5962.1,0.123
6/16/2024,North,Clothing,213,108.61,23167.11,0.297
6/17/2024,West,Home,151,201.22,30437.2,0.142
6/18/2024,South,Electronics,152,244.53,37140.8,0.166
6/19/2024,West,Food,217,34.49,7536.23,0.159
6/20/2024,West,Clothing,197,54.68,10810.17,0.097
6/21/2024,South,Clothing,201,75.25,15211.65,0.023
6/22/2024,West,Food,162,18.92,3041.57,0.269
6/23/2024,South,Food,188,36.24,6748.83,0.241
6/24/2024,West,Home,153,250.34,38276.75,0.042
6/24/2024,South,Electronics,244,446.2,108883.24,0.233
6/25/2024,West,Electronics,251,322.33,80907.74,
6/26/2024,West,Food,107,29.46,3132.55,0.123
6/27/2024,North,Food,153,8.27,1169.85,0.076
6/28/2024,North,Electronics,125,306.92,38388.52,0.258
6/29/2024,West,Electronics,167,113.3,19019.72,0.21
6/30/2024,West,Electronics,195,317.66,61966.91,0.164
7/1/2024,East,Home,127,143.63,18271.47,0.183
7/2/2024,South,Electronics,153,246.45,37735.47,0.027
7/3/2024,East,Clothing,149,60.06,8968.79,0.142
7/4/2024,North,Electronics,210,140.26,29501.18,0.058
7/5/2024,North,Clothing,203,135.02,27428.83,0.063
7/5/2024,North,Electronics,163,261.76,42651.25,0.198
7/6/2024,North,Clothing,208,100.28,20818.44,0.273
7/7/2024,West,Electronics,172,113.86,19571.47,0.121
7/8/2024,North,Home,186,81.92,15252.83,0.062
7/9/2024,West,Electronics,283,397.16,112380.48,0.195
7/10/2024,West,Clothing,267,81.42,21754.86,
7/11/2024,North,Home,135,32.36,4390.56,
7/12/2024,North,Food,241,41.81,10117.87,0.261
7/13/2024,South,Clothing,240,83.06,19998.54,0.161
7/14/2024,East,Clothing,142,58.58,8322.26,0.226
7/15/2024,North,Clothing,240,49.84,11896.21,0.042
7/15/2024,South,Food,276,45.65,12582.14,0.104
7/16/2024,South,Home,143,266.58,38123.14,0.117
7/17/2024,East,Food,154,15.44,2285.97,0.153
7/18/2024,West,Food,250,36.9,9294.43,0.279
7/19/2024,North,Food,213,42.07,8968.03,0.262
7/20/2024,East,Clothing,227,29.34,6679.25,0.04
7/21/2024,North,Electronics,217,154.4,33573.08,0.052
7/22/2024,South,Food,219,9.02,1943.87,0.107
7/23/2024,South,Home,133,53.95,7204.05,0.087
7/24/2024,West,Electronics,252,250.28,63065.07,0.184
7/25/2024,South,Food,258,18.1,4660.6,0.271
7/26/2024,South,Electronics,188,323.87,60848.95,0.289
7/26/2024,East,Clothing,197,92.94,18392.46,0.196
7/27/2024,North,Electronics,123,362.35,44550.27,0.251
7/28/2024,North,Clothing,225,76.88,17332.97,0.158
7/29/2024,East,Food,228,31.82,7161.21,0.062
7/30/2024,West,Clothing,196,19.64,3908.44,
7/31/2024,North,Food,256,20.18,5218.69,0.167
8/1/2024,South,Food,183,9.04,1659.19,0.223
8/2/2024,North,Home,228,236.31,53867.33,0.066
8/3/2024,South,Electronics,149,422.04,62903.96,0.11
8/4/2024,West,Clothing,198,88.63,17663.18,0.109
8/5/2024,East,Electronics,191,135.52,25796.16,0.288
8/5/2024,North,Home,211,187.08,39512.98,0.133
8/6/2024,East,Home,181,114.42,20664.44,0.227
8/7/2024,North,Clothing,193,37.05,7149.65,0.225
8/8/2024,South,Home,241,54.13,13032.94,0.08
8/9/2024,East,Clothing,178,34.64,6144.5,
8/10/2024,North,Food,119,5.17,614.71,0.268
8/11/2024,South,Electronics,287,240.95,69095.94,0.143
8/12/2024,East,Food,269,47.23,12756.33,0.284
8/13/2024,East,Electronics,135,265.88,35804.09,0.064
8/14/2024,North,Home,234,199.48,46705.31,
8/15/2024,North,Food,174,30.66,5318.51,0.267
8/16/2024,North,Food,213,43.78,9266.59,0.254
8/16/2024,South,Electronics,214,326.96,69979.56,0.298
8/17/2024,North,Clothing,188,25.16,4652.23,0.204
8/18/2024,East,Electronics,160,415.91,66547.59,0.281
8/19/2024,East,Clothing,165,21.66,3502.76,0.248
8/20/2024,North,Electronics,154,426.89,65764.12,0.253
8/21/2024,North,Home,158,98.08,15450.42,0.171
8/22/2024,West,Food,196,17.93,3491.73,0.115
8/23/2024,East,Clothing,164,66.98,10999.42,0.28
8/24/2024,South,Clothing,234,142.3,33259.57,0.13
8/25/2024,West,Clothing,274,97.4,26684.7,0.162
8/26/2024,North,Food,170,5.06,784.51,0.134
8/26/2024,North,Clothing,211,110.9,23431.44,0.169
8/27/2024,East,Home,224,207.42,46550.33,0.141
8/28/2024,North,Clothing,223,114.35,25639.66,
8/29/2024,South,Home,203,62.09,12608.83,0.265
8/30/2024,East,Home,237,30.81,7341.38,0.133
8/31/2024,North,Electronics,224,105.03,23437.69,0.177
9/1/2024,East,Home,138,108.18,15003.98,0.042
9/2/2024,North,Electronics,243,400.75,97421.06,0.001
9/3/2024,North,Home,244,151.17,36861.28,
9/4/2024,North,Clothing,161,140.64,22704.9,0.211
9/5/2024,South,Home,201,28.67,5749.95,0.03
9/6/2024,South,Home,234,96.97,22668.08,0.273
9/6/2024,East,Home,189,29.18,5538.79,0.065
9/7/2024,North,Food,253,44.66,11245.81,0.061
9/8/2024,North,Clothing,318,146.55,46653.98,0.054
9/9/2024,South,Electronics,160,164.96,26340.8,0.004
9/10/2024,North,Clothing,130,23.81,3042.8,0.232
9/11/2024,South,Electronics,215,101.48,21772.72,0.263
9/12/2024,North,Food,236,12.41,2966.74,0.184
9/13/2024,East,Clothing,188,102.39,19218.48,0.056
9/14/2024,North,Home,272,63.05,17082.2,0.086
9/15/2024,North,Food,133,38.16,5045,0.143
9/16/2024,West,Home,234,232.09,54307.46,0.286
9/16/2024,South,Electronics,169,141.04,23776.71,0.074
9/17/2024,North,Home,285,218.57,62234.87,
9/18/2024,North,Home,299,76.1,22859.46,0.132
9/19/2024,West,Clothing,161,63.91,10246.48,0.089
9/20/2024,West,Food,172,27.64,4737.93,0.137
9/21/2024,South,Food,242,19.22,4632.88,0.021
9/22/2024,West,Electronics,180,448.77,80757.53,0.24
9/23/2024,East,Clothing,197,22.44,4451.75,0.073
9/24/2024,West,Clothing,201,72.63,14646.04,0.218
9/25/2024,East,Electronics,104,100.45,10431.5,
9/26/2024,South,Clothing,199,140.35,27867.83,0.287
9/27/2024,South,Electronics,165,98.51,16317.87,0.058
9/27/2024,South,Electronics,175,157.82,27613.73,0.265
9/28/2024,South,Electronics,272,307.33,83680.28,0.243
9/29/2024,South,Home,137,96.72,13138.36,
9/30/2024,East,Clothing,240,146.3,35121.77,0.143
10/1/2024,East,Home,186,52.71,9899.99,0.218
10/2/2024,South,Clothing,186,79.51,14771.2,0.111
10/3/2024,West,Clothing,239,62.96,15036.17,
10/4/2024,North,Clothing,217,107.14,23264.16,0.133
10/5/2024,South,Clothing,228,104.4,23775.26,0.05
10/6/2024,West,Electronics,248,133.32,33047.76,0.295
10/7/2024,North,Food,183,7.57,1368.42,0.029
10/7/2024,South,Electronics,169,297.8,50296.83,0.177
10/8/2024,South,Food,145,14.87,2217.59,0.188
10/9/2024,East,Food,158,25.9,4115.25,0.161
10/10/2024,North,Electronics,347,495.59,171982.26,0.199
10/11/2024,North,Electronics,262,367.41,96301.85,
10/12/2024,West,Food,132,38.28,5039.74,0.167
10/13/2024,East,Clothing,133,135.26,17950.87,0.086
10/14/2024,East,Electronics,224,240.5,53841.87,0.282
10/15/2024,East,Home,227,31.12,7064.33,0.229
10/16/2024,East,Electronics,227,112.24,25425.52,0.292
10/17/2024,North,Food,187,7.34,1347.57,0.011
10/18/2024,North,Home,193,198.27,38240.3,0.086
10/18/2024,South,Electronics,216,349.56,75611.19,0.059
10/19/2024,South,Electronics,204,252.53,51377.43,0.003
10/20/2024,East,Electronics,89,285.65,25413.87,0.073
10/21/2024,East,Clothing,188,133.41,25167.36,0.204
10/22/2024,East,Electronics,157,90.08,14148.65,0.069
10/23/2024,South,Food,208,43.68,9123.11,0.153
10/24/2024,West,Electronics,349,154.37,53880.12,0.266
10/25/2024,West,Clothing,218,28.75,6234.13,0.208
10/26/2024,South,Home,184,255.71,46938.54,0.118
10/27/2024,South,Home,246,244.38,60127.75,
10/28/2024,South,Food,224,48.46,10816.26,
10/28/2024,South,Clothing,221,21.58,4729.16,0.053
10/29/2024,South,Food,230,41.5,9520.05,0.19
10/30/2024,South,Clothing,302,74.14,22477.52,0.109
10/31/2024,East,Clothing,143,61.22,8874.7,0.256
11/1/2024,East,Electronics,223,155.19,34618.23,
11/2/2024,East,Home,153,245.71,37570.39,0.183
11/3/2024,East,Clothing,227,117.15,26534.19,0.109
11/4/2024,South,Electronics,154,309.71,47718.77,0.063
11/5/2024,West,Clothing,179,40.19,7283.16,0.233
11/6/2024,North,Clothing,185,40.41,7463.48,0.146
11/7/2024,South,Home,248,242.43,60003.69,0.067
11/8/2024,North,Food,245,12.04,2983.3,0.059
11/8/2024,West,Food,137,21.5,2994.77,0.05
11/9/2024,East,Electronics,202,408.62,82461.95,0.233
11/10/2024,West,Clothing,164,17.36,2855.86,0.069
11/11/2024,South,Clothing,137,21.62,2984.5,0.158
11/12/2024,East,Electronics,189,447.21,84519.03,0.135
11/13/2024,South,Electronics,184,428.86,78870.7,0.174
11/14/2024,East,Food,321,10.45,3405.25,0.263
11/15/2024,North,Electronics,221,247.72,54725.95,0.26
11/16/2024,North,Clothing,131,95.51,12437.55,0.135
11/17/2024,North,Electronics,171,490.85,83832.88,0.005
11/18/2024,West,Electronics,251,155.97,39211.51,0.128
11/18/2024,South,Electronics,304,415.65,126388.43,0.182
11/19/2024,West,Home,120,263.66,31643.6,
11/20/2024,North,Home,106,58.82,6212.91,0.195
11/21/2024,South,Home,293,55.65,16279,0.046
11/22/2024,North,Clothing,219,106.16,23195.25,0.194
11/23/2024,West,Electronics,156,429.7,67011.63,0.055
11/24/2024,West,Clothing,226,62.58,14037.08,0.225
11/25/2024,West,Clothing,68,32.02,2140.56,0.102
11/26/2024,North,Home,200,131.34,26252.45,0.213
11/27/2024,South,Electronics,216,370.66,80093.05,0.014
11/28/2024,South,Clothing,246,130.91,32201.86,0.122
11/29/2024,North,Electronics,149,254.64,37981.11,0.212
11/29/2024,South,Clothing,204,99.83,20432.78,0.068
11/30/2024,North,Food,153,8.24,1313.63,0.239
12/1/2024,South,Clothing,212,29.26,6226.65,0.189
12/2/2024,East,Clothing,155,124.73,19333.74,0.176
12/3/2024,East,Clothing,179,93.13,16621.23,0.106
12/4/2024,West,Clothing,150,98.47,14807.5,0.145
12/5/2024,East,Food,232,18.65,4410.79,0.179
12/6/2024,East,Home,242,154.72,37459.35,0.142
12/7/2024,East,Home,188,113.34,21403.78,0.209
12/8/2024,North,Food,201,31.01,6156.73,0.13
12/9/2024,East,Clothing,127,115.92,14664.13,0.061
12/9/2024,East,Food,185,27.64,5156.16,0.064
12/10/2024,West,Clothing,197,53.63,10578.32,0.002
12/11/2024,East,Electronics,331,167.49,55504.88,0.09
12/12/2024,East,Home,144,212.05,30534.43,0.225
12/13/2024,South,Electronics,273,361.07,98528.71,0.238
12/14/2024,West,Home,249,89.99,22396.83,0.061
12/15/2024,West,Clothing,214,93.27,19883.15,0.288
12/16/2024,West,Food,287,13.6,3846.77,
12/17/2024,West,Food,218,39.59,8679.24,0.275
12/18/2024,West,Home,219,156.1,34229.54,0.212
12/19/2024,West,Food,197,39.53,7805.56,0.217
12/20/2024,North,Food,261,14.26,3635.81,0.026
12/20/2024,East,Electronics,254,312.46,79346.92,0.066
12/21/2024,West,Clothing,168,43.58,7260.19,0.003
12/22/2024,East,Electronics,134,168.25,22604.33,0.215
12/23/2024,East,Food,189,46.93,8840.58,0.103
12/24/2024,North,Clothing,159,82.58,13075.93,0.236
12/25/2024,West,Food,196,21.12,4141.01,0.102
12/26/2024,South,Electronics,261,407.69,106375.08,0.246
12/27/2024,North,Electronics,177,316.84,56154.87,
12/28/2024,South,Food,197,25.73,5032.07,0.052
12/29/2024,East,Electronics,202,371.88,75049.8,
12/30/2024,East,Electronics,242,318.3,76920.95,0.123
12/31/2024,North,Electronics,87,414.42,36053,0.105
